<?xml version="1.0" encoding="UTF-8"?>
<jcr:root xmlns:sling="http://sling.apache.org/jcr/sling/1.0" xmlns:cq="http://www.day.com/jcr/cq/1.0" xmlns:jcr="http://www.jcp.org/jcr/1.0" xmlns:mix="http://www.jcp.org/jcr/mix/1.0" xmlns:nt="http://www.jcp.org/jcr/nt/1.0"
    jcr:primaryType="cq:Page">
    <jcr:content
        cq:designPath="/etc/designs/calix"
        cq:lastModified="{Date}2015-08-07T16:23:41.266-04:00"
        cq:lastModifiedBy="epsilon-qa"
        cq:lastReplicated="{Date}2015-08-07T16:23:49.439-04:00"
        cq:lastReplicatedBy="epsilon-qa"
        cq:lastReplicationAction="Activate"
        cq:template="/apps/calix/templates/fullwidth"
        jcr:isCheckedOut="{Boolean}true"
        jcr:mixinTypes="[mix:versionable]"
        jcr:primaryType="cq:PageContent"
        jcr:title="Systems"
        jcr:uuid="3a341f12-6b2d-45ff-a601-8d8440aad905"
        sling:resourceType="calix/components/page/fullwidth">
        <logo
            jcr:primaryType="nt:unstructured"
            sling:resourceType="calix/components/ui/main-nav/logo"/>
        <tagline
            jcr:primaryType="nt:unstructured"
            sling:resourceType="calix/components/ui/main-nav/tagline"/>
        <contact
            jcr:primaryType="nt:unstructured"
            sling:resourceType="calix/components/ui/main-nav/contact"/>
        <search
            jcr:primaryType="nt:unstructured"
            sling:resourceType="calix/components/ui/main-nav/search"/>
        <register
            jcr:primaryType="nt:unstructured"
            sling:resourceType="calix/components/ui/main-nav/login-register">
            <register
                jcr:primaryType="nt:unstructured"
                sling:resourceType="calix/components/ui/main-nav/login-module/login-register"/>
            <logged-in
                jcr:primaryType="nt:unstructured"
                sling:resourceType="calix/components/ui/main-nav/login-module/logged-in">
                <notifications
                    jcr:primaryType="nt:unstructured"
                    sling:resourceType="calix/components/ui/main-nav/notifications"/>
                <user-fullname
                    jcr:primaryType="nt:unstructured"
                    sling:resourceType="calix/components/ui/main-nav/user-fullname"/>
            </logged-in>
        </register>
        <flyout-nav-1
            jcr:primaryType="nt:unstructured"
            sling:resourceType="calix/components/ui/main-nav/flyout-nav"/>
        <footer-links-1-par
            jcr:primaryType="nt:unstructured"
            sling:resourceType="calix/components/ui/footer-links"/>
        <footer-links-2-par
            jcr:primaryType="nt:unstructured"
            sling:resourceType="calix/components/ui/footer-links"/>
        <footer-links-3-par
            jcr:primaryType="nt:unstructured"
            sling:resourceType="calix/components/ui/footer-links"/>
        <footer-links-4-par
            jcr:primaryType="nt:unstructured"
            sling:resourceType="calix/components/ui/footer-links"/>
        <footer-links-5-par
            jcr:primaryType="nt:unstructured"
            sling:resourceType="calix/components/ui/footer-links"/>
        <footer-links-6-par
            jcr:primaryType="nt:unstructured"
            sling:resourceType="calix/components/ui/footer-links"/>
        <footer-links-7-par
            jcr:primaryType="nt:unstructured"
            sling:resourceType="calix/components/ui/footer-links"/>
        <footer-links-8-par
            jcr:primaryType="nt:unstructured"
            sling:resourceType="calix/components/ui/footer-links"/>
        <footer-links-9-par
            jcr:primaryType="nt:unstructured"
            sling:resourceType="calix/components/ui/footer-links"/>
        <footer-links-10-par
            jcr:primaryType="nt:unstructured"
            sling:resourceType="calix/components/ui/footer-links"/>
        <footer-links-11-par
            jcr:primaryType="nt:unstructured"
            sling:resourceType="calix/components/ui/footer-links"/>
        <footer-links-12-par
            jcr:primaryType="nt:unstructured"
            sling:resourceType="calix/components/ui/footer-links"/>
        <footer-legal-par
            jcr:primaryType="nt:unstructured"
            sling:resourceType="calix/components/ui/footer-legal"/>
        <megamenu
            jcr:primaryType="nt:unstructured"
            sling:resourceType="calix/components/ui/main-nav/megamenu"/>
        <my-calix
            jcr:primaryType="nt:unstructured"
            sling:resourceType="calix/components/ui/my-calix"/>
        <footer-legal-social-par
            jcr:primaryType="nt:unstructured"
            sling:resourceType="calix/components/ui/footer-legal-social"/>
        <header-social
            jcr:primaryType="nt:unstructured"
            sling:resourceType="calix/components/ui/main-nav/header-social"/>
        <breadcrumbs
            jcr:primaryType="nt:unstructured"
            sling:resourceType="calix/components/ui/breadcrumbs"/>
        <login-switch
            jcr:primaryType="nt:unstructured"
            sling:resourceType="calix/components/ui/main-nav/login-module/login-switch">
            <register
                jcr:primaryType="nt:unstructured"
                sling:resourceType="calix/components/ui/main-nav/login-module/login-register"/>
            <logged-in
                jcr:primaryType="nt:unstructured"
                sling:resourceType="calix/components/ui/main-nav/login-module/logged-in">
                <notifications-dropdown
                    jcr:primaryType="nt:unstructured"
                    sling:resourceType="calix/components/ui/main-nav/notifications-dropdown"/>
                <user-fullname
                    jcr:primaryType="nt:unstructured"
                    sling:resourceType="calix/components/ui/main-nav/user-fullname"/>
            </logged-in>
        </login-switch>
    </jcr:content>
    <e7-20/>
    <blm-1500/>
    <c7/>
    <e7-2/>
    <e5/>
    <e3/>
    <b6/>
    <enclosures/>
    <gigacenters/>
    <p-series/>
    <t-series/>
    <e-series/>
    <c-series/>
    <c-series0/>
    <b-series/>
</jcr:root>
