<?xml version="1.0" encoding="UTF-8"?>
<jcr:root xmlns:sling="http://sling.apache.org/jcr/sling/1.0" xmlns:cq="http://www.day.com/jcr/cq/1.0" xmlns:jcr="http://www.jcp.org/jcr/1.0" xmlns:mix="http://www.jcp.org/jcr/mix/1.0" xmlns:nt="http://www.jcp.org/jcr/nt/1.0"
    jcr:primaryType="cq:Page">
    <jcr:content
        cq:designPath="/etc/designs/calix"
        cq:lastModified="{Date}2015-07-08T08:10:50.267-04:00"
        cq:lastModifiedBy="epsilon-qa"
        cq:template="/apps/calix/templates/splitcolumn"
        jcr:isCheckedOut="{Boolean}true"
        jcr:mixinTypes="[mix:versionable]"
        jcr:primaryType="cq:PageContent"
        jcr:title="Solutions"
        jcr:uuid="c50d4f5f-ac93-4af9-b7fa-ba6b3871eac6"
        sling:resourceType="calix/components/page/splitcolumn">
        <logo
            jcr:primaryType="nt:unstructured"
            sling:resourceType="calix/components/ui/main-nav/logo"/>
        <tagline
            jcr:primaryType="nt:unstructured"
            sling:resourceType="calix/components/ui/main-nav/tagline"/>
        <contact
            jcr:primaryType="nt:unstructured"
            sling:resourceType="calix/components/ui/main-nav/contact"/>
        <search
            jcr:primaryType="nt:unstructured"
            sling:resourceType="calix/components/ui/main-nav/search"/>
        <register
            jcr:primaryType="nt:unstructured"
            sling:resourceType="calix/components/ui/main-nav/login-register"/>
        <flyout-nav-1
            jcr:primaryType="nt:unstructured"
            sling:resourceType="calix/components/ui/main-nav/flyout-nav"/>
        <breadcrumbs
            jcr:primaryType="nt:unstructured"
            sling:resourceType="calix/components/ui/breadcrumbs"
            absParent="2"
            relParent="0"/>
        <footer-links-1-par
            jcr:primaryType="nt:unstructured"
            sling:resourceType="calix/components/ui/footer-links"/>
        <footer-links-2-par
            jcr:primaryType="nt:unstructured"
            sling:resourceType="calix/components/ui/footer-links"/>
        <footer-links-3-par
            jcr:primaryType="nt:unstructured"
            sling:resourceType="calix/components/ui/footer-links"/>
        <footer-links-4-par
            jcr:primaryType="nt:unstructured"
            sling:resourceType="calix/components/ui/footer-links"/>
        <footer-links-5-par
            jcr:primaryType="nt:unstructured"
            sling:resourceType="calix/components/ui/footer-links"/>
        <footer-links-6-par
            jcr:primaryType="nt:unstructured"
            sling:resourceType="calix/components/ui/footer-links"/>
        <footer-links-7-par
            jcr:primaryType="nt:unstructured"
            sling:resourceType="calix/components/ui/footer-links"/>
        <footer-links-8-par
            jcr:primaryType="nt:unstructured"
            sling:resourceType="calix/components/ui/footer-links"/>
        <footer-links-9-par
            jcr:primaryType="nt:unstructured"
            sling:resourceType="calix/components/ui/footer-links"/>
        <footer-links-10-par
            jcr:primaryType="nt:unstructured"
            sling:resourceType="calix/components/ui/footer-links"/>
        <footer-links-11-par
            jcr:primaryType="nt:unstructured"
            sling:resourceType="calix/components/ui/footer-links"/>
        <footer-links-12-par
            jcr:primaryType="nt:unstructured"
            sling:resourceType="calix/components/ui/footer-links"/>
        <footer-legal-par
            jcr:primaryType="nt:unstructured"
            sling:resourceType="calix/components/ui/footer-legal"/>
        <largePar
            jcr:primaryType="nt:unstructured"
            sling:resourceType="foundation/components/parsys"/>
        <smallPar
            jcr:primaryType="nt:unstructured"
            sling:resourceType="foundation/components/parsys"/>
        <heroPar
            jcr:primaryType="nt:unstructured"
            sling:resourceType="foundation/components/parsys">
            <main_hero
                jcr:created="{Date}2015-07-01T13:43:23.125-04:00"
                jcr:createdBy="scott.r.nelson"
                jcr:lastModified="{Date}2015-07-01T13:44:49.284-04:00"
                jcr:lastModifiedBy="scott.r.nelson"
                jcr:primaryType="nt:unstructured"
                sling:resourceType="calix/components/ui/main-hero"
                curvedBottom="true"
                shortContainer="true"/>
        </heroPar>
        <megamenu
            jcr:primaryType="nt:unstructured"
            sling:resourceType="calix/components/ui/main-nav/megamenu"/>
        <my-calix
            jcr:primaryType="nt:unstructured"
            sling:resourceType="calix/components/ui/my-calix"/>
        <header-social
            jcr:primaryType="nt:unstructured"
            sling:resourceType="calix/components/ui/main-nav/header-social"/>
        <footer-legal-social-par
            jcr:primaryType="nt:unstructured"
            sling:resourceType="calix/components/ui/footer-legal-social"/>
    </jcr:content>
    <wireline-communications/>
    <wireless-communications/>
    <cable/>
    <utilities/>
    <municipalities/>
    <residential-broadband/>
    <business-services/>
    <mobile-backhaul/>
    <transport-and-aggregation/>
    <gigabit-services/>
    <copper/>
    <fiber/>
    <wireless/>
    <g-fast/>
    <gpon/>
    <next-generation-pon/>
    <point-to-point---active-ethernet/>
</jcr:root>
