<?xml version="1.0" encoding="UTF-8"?>
<jcr:root xmlns:sling="http://sling.apache.org/jcr/sling/1.0" xmlns:cq="http://www.day.com/jcr/cq/1.0" xmlns:jcr="http://www.jcp.org/jcr/1.0" xmlns:mix="http://www.jcp.org/jcr/mix/1.0" xmlns:nt="http://www.jcp.org/jcr/nt/1.0"
    jcr:primaryType="cq:Page">
    <jcr:content
        cq:designPath="/etc/designs/calix"
        cq:lastModified="{Date}2015-07-08T08:10:52.948-04:00"
        cq:lastModifiedBy="epsilon-qa"
        cq:template="/apps/calix/templates/fullwidth"
        jcr:isCheckedOut="{Boolean}true"
        jcr:mixinTypes="[mix:versionable]"
        jcr:primaryType="cq:PageContent"
        jcr:title="Press Release"
        jcr:uuid="78882a06-98a5-4550-8b0e-03ea326da17a"
        sling:resourceType="calix/components/page/fullwidth">
        <logo
            jcr:primaryType="nt:unstructured"
            sling:resourceType="calix/components/ui/main-nav/logo"/>
        <tagline
            jcr:primaryType="nt:unstructured"
            sling:resourceType="calix/components/ui/main-nav/tagline"/>
        <contact
            jcr:primaryType="nt:unstructured"
            sling:resourceType="calix/components/ui/main-nav/contact"/>
        <search
            jcr:primaryType="nt:unstructured"
            sling:resourceType="calix/components/ui/main-nav/search"/>
        <register
            jcr:primaryType="nt:unstructured"
            sling:resourceType="calix/components/ui/main-nav/login-register"/>
        <megamenu
            jcr:primaryType="nt:unstructured"
            sling:resourceType="calix/components/ui/main-nav/megamenu"/>
        <breadcrumbs
            jcr:primaryType="nt:unstructured"
            sling:resourceType="calix/components/ui/breadcrumbs"/>
        <my-calix
            jcr:primaryType="nt:unstructured"
            sling:resourceType="calix/components/ui/my-calix"/>
        <footer-links-1-par
            jcr:primaryType="nt:unstructured"
            sling:resourceType="calix/components/ui/footer-links"/>
        <footer-links-2-par
            jcr:primaryType="nt:unstructured"
            sling:resourceType="calix/components/ui/footer-links"/>
        <footer-links-3-par
            jcr:primaryType="nt:unstructured"
            sling:resourceType="calix/components/ui/footer-links"/>
        <footer-links-4-par
            jcr:primaryType="nt:unstructured"
            sling:resourceType="calix/components/ui/footer-links"/>
        <footer-links-5-par
            jcr:primaryType="nt:unstructured"
            sling:resourceType="calix/components/ui/footer-links"/>
        <footer-links-6-par
            jcr:primaryType="nt:unstructured"
            sling:resourceType="calix/components/ui/footer-links"/>
        <footer-legal-par
            jcr:primaryType="nt:unstructured"
            sling:resourceType="calix/components/ui/footer-legal"/>
    </jcr:content>
    <press-release-entry1/>
    <press-release-entry2/>
    <press-release-entry3/>
    <press-release-entry4/>
    <press-release-entry5/>
    <press-release-entry6/>
    <press-release-entry7/>
</jcr:root>
