<?xml version="1.0" encoding="UTF-8"?>
<jcr:root xmlns:sling="http://sling.apache.org/jcr/sling/1.0" xmlns:cq="http://www.day.com/jcr/cq/1.0" xmlns:jcr="http://www.jcp.org/jcr/1.0" xmlns:mix="http://www.jcp.org/jcr/mix/1.0" xmlns:nt="http://www.jcp.org/jcr/nt/1.0"
    jcr:primaryType="cq:Page">
    <jcr:content
        cq:designPath="/etc/designs/calix"
        cq:lastModified="{Date}2015-07-21T14:45:36.617-04:00"
        cq:lastModifiedBy="epsilon-qa"
        cq:lastReplicated="{Date}2015-07-21T14:45:56.442-04:00"
        cq:lastReplicatedBy="epsilon-qa"
        cq:lastReplicationAction="Activate"
        cq:template="/apps/calix/templates/splitcolumn"
        jcr:isCheckedOut="{Boolean}true"
        jcr:mixinTypes="[mix:versionable]"
        jcr:primaryType="cq:PageContent"
        jcr:title="Split Columns - Tab Container"
        jcr:uuid="9934f247-8ec0-441b-afbc-ee14de616d24"
        sling:resourceType="calix/components/page/splitcolumn">
        <logo
            jcr:primaryType="nt:unstructured"
            sling:resourceType="calix/components/ui/main-nav/logo"/>
        <tagline
            jcr:primaryType="nt:unstructured"
            sling:resourceType="calix/components/ui/main-nav/tagline"/>
        <contact
            jcr:primaryType="nt:unstructured"
            sling:resourceType="calix/components/ui/main-nav/contact"/>
        <search
            jcr:primaryType="nt:unstructured"
            sling:resourceType="calix/components/ui/main-nav/search"/>
        <register
            jcr:primaryType="nt:unstructured"
            sling:resourceType="calix/components/ui/main-nav/login-register"/>
        <megamenu
            jcr:primaryType="nt:unstructured"
            sling:resourceType="calix/components/ui/main-nav/megamenu"/>
        <breadcrumbs
            jcr:primaryType="nt:unstructured"
            sling:resourceType="calix/components/ui/breadcrumbs"/>
        <my-calix
            jcr:primaryType="nt:unstructured"
            sling:resourceType="calix/components/ui/my-calix"/>
        <footer-links-1-par
            jcr:primaryType="nt:unstructured"
            sling:resourceType="calix/components/ui/footer-links"/>
        <footer-links-2-par
            jcr:primaryType="nt:unstructured"
            sling:resourceType="calix/components/ui/footer-links"/>
        <footer-links-3-par
            jcr:primaryType="nt:unstructured"
            sling:resourceType="calix/components/ui/footer-links"/>
        <footer-links-4-par
            jcr:primaryType="nt:unstructured"
            sling:resourceType="calix/components/ui/footer-links"/>
        <footer-links-5-par
            jcr:primaryType="nt:unstructured"
            sling:resourceType="calix/components/ui/footer-links"/>
        <footer-links-6-par
            jcr:primaryType="nt:unstructured"
            sling:resourceType="calix/components/ui/footer-links"/>
        <footer-legal-par
            jcr:primaryType="nt:unstructured"
            sling:resourceType="calix/components/ui/footer-legal"/>
        <largePar
            jcr:primaryType="nt:unstructured"
            sling:resourceType="foundation/components/parsys">
            <tab_container
                jcr:created="{Date}2015-07-08T10:05:20.543-04:00"
                jcr:createdBy="epsilon-qa"
                jcr:lastModified="{Date}2015-07-08T10:05:20.543-04:00"
                jcr:lastModifiedBy="epsilon-qa"
                jcr:primaryType="nt:unstructured"
                sling:resourceType="calix/components/ui/tab-container"
                tabs="[Tab 1,Tab 2,Tab 3]">
                <section1
                    jcr:primaryType="nt:unstructured"
                    sling:resourceType="foundation/components/parsys">
                    <image_text
                        jcr:created="{Date}2015-07-21T14:44:54.182-04:00"
                        jcr:createdBy="epsilon-qa"
                        jcr:lastModified="{Date}2015-07-21T14:44:54.182-04:00"
                        jcr:lastModifiedBy="epsilon-qa"
                        jcr:primaryType="nt:unstructured"
                        sling:resourceType="calix/components/ui/image-text">
                        <image_text_item_1
                            jcr:primaryType="nt:unstructured"
                            sling:resourceType="calix/components/ui/image-text-item"
                            buttonType1="green"
                            buttonType2="green"
                            fileName="Chrysanthemum.jpg"
                            headlineLink="/content/calix/en/site/home"
                            title="Test head"
                            type="image">
                            <image
                                jcr:lastModified="{Date}2015-07-21T14:45:36.383-04:00"
                                jcr:lastModifiedBy="epsilon-qa"
                                jcr:primaryType="nt:unstructured"
                                sling:resourceType="foundation/components/image">
                                <file/>
                            </image>
                        </image_text_item_1>
                    </image_text>
                </section1>
            </tab_container>
        </largePar>
        <smallPar
            jcr:primaryType="nt:unstructured"
            sling:resourceType="foundation/components/parsys"/>
        <heroPar
            jcr:primaryType="nt:unstructured"
            sling:resourceType="foundation/components/parsys"/>
        <footer-legal-social-par
            jcr:primaryType="nt:unstructured"
            sling:resourceType="calix/components/ui/footer-legal-social"/>
        <header-social
            jcr:primaryType="nt:unstructured"
            sling:resourceType="calix/components/ui/main-nav/header-social"/>
    </jcr:content>
</jcr:root>
