<?xml version="1.0" encoding="UTF-8"?>
<jcr:root xmlns:sling="http://sling.apache.org/jcr/sling/1.0" xmlns:cq="http://www.day.com/jcr/cq/1.0" xmlns:jcr="http://www.jcp.org/jcr/1.0" xmlns:mix="http://www.jcp.org/jcr/mix/1.0" xmlns:nt="http://www.jcp.org/jcr/nt/1.0"
    jcr:primaryType="cq:Page">
    <jcr:content
        cq:designPath="/etc/designs/calix"
        cq:lastModified="{Date}2015-06-13T11:58:30.889-04:00"
        cq:lastModifiedBy="vijay.kesavan"
        cq:lastReplicated="{Date}2015-07-22T17:21:25.646-04:00"
        cq:lastReplicatedBy="epsilon-qa"
        cq:lastReplicationAction="Activate"
        cq:template="/apps/calix/templates/fullwidth"
        jcr:isCheckedOut="{Boolean}true"
        jcr:mixinTypes="[mix:versionable]"
        jcr:primaryType="cq:PageContent"
        jcr:title="Services"
        jcr:uuid="939b613b-909e-4910-a31d-000bb7467653"
        sling:resourceType="calix/components/page/fullwidth">
        <logo
            jcr:primaryType="nt:unstructured"
            sling:resourceType="calix/components/ui/main-nav/logo"/>
        <tagline
            jcr:primaryType="nt:unstructured"
            sling:resourceType="calix/components/ui/main-nav/tagline"/>
        <contact
            jcr:primaryType="nt:unstructured"
            sling:resourceType="calix/components/ui/main-nav/contact"/>
        <search
            jcr:primaryType="nt:unstructured"
            sling:resourceType="calix/components/ui/main-nav/search"/>
        <register
            jcr:primaryType="nt:unstructured"
            sling:resourceType="calix/components/ui/main-nav/login-register"/>
        <megamenu
            jcr:primaryType="nt:unstructured"
            sling:resourceType="calix/components/ui/main-nav/megamenu"/>
        <breadcrumbs
            jcr:primaryType="nt:unstructured"
            sling:resourceType="calix/components/ui/breadcrumbs"/>
        <my-calix
            jcr:primaryType="nt:unstructured"
            sling:resourceType="calix/components/ui/my-calix"/>
        <footer-links-1-par
            jcr:primaryType="nt:unstructured"
            sling:resourceType="calix/components/ui/footer-links"/>
        <footer-links-2-par
            jcr:primaryType="nt:unstructured"
            sling:resourceType="calix/components/ui/footer-links"/>
        <footer-links-3-par
            jcr:primaryType="nt:unstructured"
            sling:resourceType="calix/components/ui/footer-links"/>
        <footer-links-4-par
            jcr:primaryType="nt:unstructured"
            sling:resourceType="calix/components/ui/footer-links"/>
        <footer-links-5-par
            jcr:primaryType="nt:unstructured"
            sling:resourceType="calix/components/ui/footer-links"/>
        <footer-links-6-par
            jcr:primaryType="nt:unstructured"
            sling:resourceType="calix/components/ui/footer-links"/>
        <footer-legal-par
            jcr:primaryType="nt:unstructured"
            sling:resourceType="calix/components/ui/footer-legal"/>
        <header-social
            jcr:primaryType="nt:unstructured"
            sling:resourceType="calix/components/ui/main-nav/header-social"/>
        <footer-legal-social-par
            jcr:primaryType="nt:unstructured"
            sling:resourceType="calix/components/ui/footer-legal-social"/>
        <login-switch
            jcr:primaryType="nt:unstructured"
            sling:resourceType="calix/components/ui/main-nav/login-module/login-switch">
            <register
                jcr:primaryType="nt:unstructured"
                sling:resourceType="calix/components/ui/main-nav/login-module/login-register"/>
            <logged-in
                jcr:primaryType="nt:unstructured"
                sling:resourceType="calix/components/ui/main-nav/login-module/logged-in">
                <notifications-dropdown
                    jcr:primaryType="nt:unstructured"
                    sling:resourceType="calix/components/ui/main-nav/notifications-dropdown"/>
                <user-fullname
                    jcr:primaryType="nt:unstructured"
                    sling:resourceType="calix/components/ui/main-nav/user-fullname"/>
            </logged-in>
        </login-switch>
        <footer-links-7-par
            jcr:primaryType="nt:unstructured"
            sling:resourceType="calix/components/ui/footer-links"/>
        <footer-links-8-par
            jcr:primaryType="nt:unstructured"
            sling:resourceType="calix/components/ui/footer-links"/>
        <footer-links-9-par
            jcr:primaryType="nt:unstructured"
            sling:resourceType="calix/components/ui/footer-links"/>
        <footer-links-10-par
            jcr:primaryType="nt:unstructured"
            sling:resourceType="calix/components/ui/footer-links"/>
        <footer-links-11-par
            jcr:primaryType="nt:unstructured"
            sling:resourceType="calix/components/ui/footer-links"/>
        <footer-links-12-par
            jcr:primaryType="nt:unstructured"
            sling:resourceType="calix/components/ui/footer-links"/>
    </jcr:content>
    <services-overview/>
    <training/>
    <education-services/>
    <professional-services/>
    <consulting-services/>
</jcr:root>
