<?xml version="1.0" encoding="UTF-8"?>
<jcr:root xmlns:sling="http://sling.apache.org/jcr/sling/1.0" xmlns:cq="http://www.day.com/jcr/cq/1.0" xmlns:jcr="http://www.jcp.org/jcr/1.0" xmlns:mix="http://www.jcp.org/jcr/mix/1.0" xmlns:nt="http://www.jcp.org/jcr/nt/1.0" xmlns:rep="internal"
    jcr:mixinTypes="[rep:AccessControllable]"
    jcr:primaryType="cq:Page">
    <events/>
    <news-articles/>
    <speakers/>
    <solutions/>
    <software/>
    <systems/>
    <services/>
    <communities/>
    <about-calix/>
    <press-release/>
    <news-and-events/>
    <jcr:content
        cq:designPath="/etc/designs/calix"
        cq:lastModified="{Date}2015-08-10T15:32:53.519-04:00"
        cq:lastModifiedBy="arun.shankar"
        cq:lastReplicated="{Date}2015-08-10T15:39:47.749-04:00"
        cq:lastReplicatedBy="arun.shankar"
        cq:lastReplicationAction="Activate"
        cq:template="/apps/calix/templates/fullwidth"
        jcr:isCheckedOut="{Boolean}true"
        jcr:mixinTypes="[mix:versionable]"
        jcr:primaryType="cq:PageContent"
        jcr:title="Home"
        jcr:uuid="550484dd-e492-446e-a1d1-86eed67e57df"
        sling:resourceType="calix/components/page/fullwidth">
        <logo
            jcr:primaryType="nt:unstructured"
            sling:resourceType="calix/components/ui/main-nav/logo"/>
        <tagline
            jcr:lastModified="{Date}2015-06-17T23:39:39.774-04:00"
            jcr:lastModifiedBy="vijay.kesavan"
            jcr:primaryType="nt:unstructured"
            sling:resourceType="calix/components/ui/main-nav/tagline"
            tagline="ACCESS INNOVATION"/>
        <contact
            jcr:primaryType="nt:unstructured"
            sling:resourceType="calix/components/ui/main-nav/contact"
            contact="Contact"
            contactLink="/content/calix/en/site/home/about-calix/contact-us"/>
        <search
            jcr:primaryType="nt:unstructured"
            sling:resourceType="calix/components/ui/main-nav/search"
            placeholder="Search Here"/>
        <register
            jcr:lastModified="{Date}2015-06-17T10:45:00.087-04:00"
            jcr:lastModifiedBy="vijay.kesavan"
            jcr:primaryType="nt:unstructured"
            sling:resourceType="calix/components/ui/main-nav/login-register"
            login="Login"
            register="Register">
            <register
                jcr:primaryType="nt:unstructured"
                sling:resourceType="calix/components/ui/main-nav/login-module/login-register"/>
            <logged-in
                jcr:primaryType="nt:unstructured"
                sling:resourceType="calix/components/ui/main-nav/login-module/logged-in">
                <notifications
                    jcr:primaryType="nt:unstructured"
                    sling:resourceType="calix/components/ui/main-nav/notifications"/>
                <user-fullname
                    jcr:primaryType="nt:unstructured"
                    sling:resourceType="calix/components/ui/main-nav/user-fullname"/>
            </logged-in>
        </register>
        <megamenu
            jcr:primaryType="nt:unstructured"
            sling:resourceType="calix/components/ui/main-nav/megamenu"
            listItems="[{&quot;listItem&quot;:&quot;Software&quot;\,&quot;listItemLink&quot;:&quot;/content/calix/nav/software&quot;\,&quot;pageLink&quot;:&quot;&quot;},{&quot;listItem&quot;:&quot;system&quot;\,&quot;listItemLink&quot;:&quot;/content/calix/nav/systems&quot;\,&quot;pageLink&quot;:&quot;/content/calix/en/site/home/systems&quot;},{&quot;listItem&quot;:&quot;solutions&quot;\,&quot;listItemLink&quot;:&quot;/content/calix/nav/solutions&quot;\,&quot;pageLink&quot;:&quot;/content/calix/en/site/home/solutions&quot;},{&quot;listItem&quot;:&quot;Services&quot;\,&quot;listItemLink&quot;:&quot;/content/calix/nav/services&quot;\,&quot;pageLink&quot;:&quot;/content/calix/en/site/home/services&quot;},{&quot;listItem&quot;:&quot;Communities&quot;\,&quot;listItemLink&quot;:&quot;/content/calix/nav/communities&quot;\,&quot;pageLink&quot;:&quot;/content/calix/en/site/home/communities&quot;},{&quot;listItem&quot;:&quot;Events&quot;\,&quot;listItemLink&quot;:&quot;/content/calix/nav/events&quot;\,&quot;pageLink&quot;:&quot;/content/calix/en/site/home/events&quot;},{&quot;listItem&quot;:&quot;About Calix&quot;\,&quot;listItemLink&quot;:&quot;/content/calix/nav/about-calix&quot;\,&quot;pageLink&quot;:&quot;/content/calix/en/site/home/about-calix&quot;}]"/>
        <my-calix
            jcr:primaryType="nt:unstructured"
            sling:resourceType="calix/components/ui/my-calix"/>
        <footer-links-7-par
            jcr:primaryType="nt:unstructured"
            sling:resourceType="calix/components/ui/footer-links"/>
        <footer-links-8-par
            jcr:primaryType="nt:unstructured"
            sling:resourceType="calix/components/ui/footer-links"/>
        <footer-links-9-par
            jcr:primaryType="nt:unstructured"
            sling:resourceType="calix/components/ui/footer-links"/>
        <footer-links-10-par
            jcr:primaryType="nt:unstructured"
            sling:resourceType="calix/components/ui/footer-links"/>
        <footer-links-11-par
            jcr:primaryType="nt:unstructured"
            sling:resourceType="calix/components/ui/footer-links"/>
        <footer-links-12-par
            jcr:primaryType="nt:unstructured"
            sling:resourceType="calix/components/ui/footer-links"/>
        <footer-legal-par
            jcr:primaryType="nt:unstructured"
            sling:resourceType="calix/components/ui/footer-legal"/>
        <heroPar
            jcr:primaryType="nt:unstructured"
            sling:resourceType="foundation/components/parsys">
            <main_hero_0
                jcr:created="{Date}2015-06-20T04:55:22.054-04:00"
                jcr:createdBy="vijay.kesavan"
                jcr:lastModified="{Date}2015-07-07T12:36:37.503-04:00"
                jcr:lastModifiedBy="epsilon-qa"
                jcr:primaryType="nt:unstructured"
                sling:resourceType="calix/components/ui/main-hero"
                curvedBottom="true"
                curvedTop="true"
                slides="[{&quot;pathImage&quot;:&quot;/content/dam/wip/images/Main Hero/mainHero.png&quot;\,&quot;date&quot;:&quot;October 25 - 28 | Las Vegas&quot;\,&quot;mainLine&quot;:&quot;Join Us for the 2014 Calix User Group Conference  and Let's say there is an additional bit of copy. The most.&quot;\,&quot;byline&quot;:&quot;Lorem ipsum dolor sit amet\, consecutor adipiscing elit\, sed do eiusmod tempor incidunt&quot;\,&quot;caption&quot;:&quot;&quot;\,&quot;bottomLine&quot;:&quot;Lorem ipsum dolor sit amet\, consecutor adipiscing elit\, sed do eiusmod tempor incidunt&quot;\,&quot;titleCTA&quot;:&quot;WATCH HERE&quot;\,&quot;linkCTA&quot;:&quot;http://www.youtube.com&quot;\,&quot;buttonType&quot;:&quot;green&quot;\,&quot;alignType&quot;:&quot;center&quot;},{&quot;pathImage&quot;:&quot;/content/dam/wip/images/Main Hero/mainHero.png&quot;\,&quot;date&quot;:&quot;November 1 - 20 | Dallas&quot;\,&quot;mainLine&quot;:&quot;Join Us for the 2014 Calix User Group Conference  and Let's say there is an additional bit of copy. The most.&quot;\,&quot;byline&quot;:&quot;Lorem ipsum dolor sit amet\, consecutor adipiscing elit\, sed do eiusmod tempor incidunt&quot;\,&quot;caption&quot;:&quot;&quot;\,&quot;bottomLine&quot;:&quot;Lorem ipsum dolor sit amet\, consecutor adipiscing elit\, sed do eiusmod tempor incidunt&quot;\,&quot;titleCTA&quot;:&quot;WATCH HERE&quot;\,&quot;linkCTA&quot;:&quot;/content/calix/en/site/video/video1&quot;\,&quot;buttonType&quot;:&quot;green&quot;\,&quot;alignType&quot;:&quot;center&quot;}]">
                <videoLib_1
                    jcr:primaryType="nt:unstructured"
                    sling:resourceType="/apps/calix/components/ui/video-library"/>
                <videoLib_2
                    jcr:primaryType="nt:unstructured"
                    sling:resourceType="/apps/calix/components/ui/video-library"/>
            </main_hero_0>
            <hero
                jcr:created="{Date}2015-07-15T04:57:05.963-04:00"
                jcr:createdBy="epsilon-qa"
                jcr:lastModified="{Date}2015-07-15T04:57:05.963-04:00"
                jcr:lastModifiedBy="epsilon-qa"
                jcr:primaryType="nt:unstructured"
                sling:resourceType="calix/components/ui/hero"
                displayBottomCurves="true"
                listItems="[{&quot;pathImage&quot;:&quot;/content/dam/wip/images/Main Hero/hero_tes.png&quot;\,&quot;leadin&quot;:&quot;G.fast solutions from Calix&quot;\,&quot;headline&quot;:&quot;Bring the gigabit experience to high-density environments&quot;\,&quot;subhead&quot;:&quot;&quot;\,&quot;titleCTA&quot;:&quot;Learn More&quot;\,&quot;linkCTA&quot;:&quot;/content/calix/en/site&quot;\,&quot;alignType&quot;:&quot;right&quot;\,&quot;buttonType&quot;:&quot;green&quot;\,&quot;caption&quot;:&quot;Calix announces a trio of new products which leverage G.fast technology to bring a gigabit experience to subscribers located in multi-dwelling unit (MDU)\, multi-tenant unit (MTU)\, and high density single family unit (SFU) dwellings.&quot;},{&quot;pathImage&quot;:&quot;/content/dam/wip/images/Main Hero/mainHero.png&quot;\,&quot;leadin&quot;:&quot;October 24 - 26 2015 Las Vegas NV&quot;\,&quot;headline&quot;:&quot;Calix 2016 User Group Conference&quot;\,&quot;subhead&quot;:&quot;Take Flight&quot;\,&quot;titleCTA&quot;:&quot;Register Now&quot;\,&quot;linkCTA&quot;:&quot;/content/calix/en/site/home&quot;\,&quot;alignType&quot;:&quot;right&quot;\,&quot;buttonType&quot;:&quot;green&quot;\,&quot;caption&quot;:&quot;cccc&quot;}]"/>
            <news_carousel
                jcr:created="{Date}2015-07-17T02:54:06.313-04:00"
                jcr:createdBy="epsilon-qa"
                jcr:lastModified="{Date}2015-07-17T02:54:06.313-04:00"
                jcr:lastModifiedBy="epsilon-qa"
                jcr:primaryType="nt:unstructured"
                sling:resourceType="calix/components/ui/news-carousel"
                characterlimit="140"
                eventlabel="Test Event Label"
                eventpath="/content/calix/en/site/home/events"
                newslabel="Test News Label"
                newspath="/content/calix/en/site/home/news-articles"
                pressreleaselabel="Test Press Release Label"
                pressreleasepath="/content/calix/en/site/home/press-release"
                screenname="TwitterID"
                totalitem="10"
                twitterlabel="Test Twitter Label"
                typeofcontent="pRelease"/>
            <image_text
                jcr:created="{Date}2015-07-17T02:56:54.979-04:00"
                jcr:createdBy="epsilon-qa"
                jcr:lastModified="{Date}2015-07-17T02:56:54.979-04:00"
                jcr:lastModifiedBy="epsilon-qa"
                jcr:primaryType="nt:unstructured"
                sling:resourceType="calix/components/ui/image-text"
                columnLayout="twoColumns"
                displayBottomCurves="true"
                displayTopCurves="true"
                numOfItems="2"
                title="Test Title for Image with Text below">
                <image_text_item_1
                    jcr:primaryType="nt:unstructured"
                    sling:resourceType="calix/components/ui/image-text-item"
                    buttonType1="green"
                    buttonType2="green"
                    headlineLink="/content/calix/en"
                    linkCTA2="/content/calix/en"
                    title="Test Headline"
                    titleCTA1="Test First CTA"
                    type="image">
                    <image
                        jcr:lastModified="{Date}2015-07-17T03:04:39.376-04:00"
                        jcr:lastModifiedBy="epsilon-qa"
                        jcr:primaryType="nt:unstructured"
                        sling:resourceType="foundation/components/image"
                        fileReference="/content/dam/wip/images/Image Text Below/image1.png"/>
                </image_text_item_1>
                <image_text_item_2
                    jcr:primaryType="nt:unstructured"
                    sling:resourceType="calix/components/ui/image-text-item"
                    buttonType1="green"
                    buttonType2="green"
                    headlineLink="/content/calix/en"
                    linkCTA1="/content/calix/en"
                    linkCTA2="/content/calix/en/site/home"
                    title="Test Headline 2"
                    titleCTA1="Test CTA1"
                    titleCTA2="Test CTA2"
                    type="image">
                    <image
                        jcr:lastModified="{Date}2015-07-17T03:08:32.482-04:00"
                        jcr:lastModifiedBy="epsilon-qa"
                        jcr:primaryType="nt:unstructured"
                        sling:resourceType="foundation/components/image"
                        fileReference="/content/dam/wip/images/image3.png"/>
                </image_text_item_2>
            </image_text>
            <text_only
                jcr:created="{Date}2015-07-17T03:09:36.405-04:00"
                jcr:createdBy="epsilon-qa"
                jcr:lastModified="{Date}2015-07-17T03:15:52.069-04:00"
                jcr:lastModifiedBy="epsilon-qa"
                jcr:primaryType="nt:unstructured"
                sling:resourceType="calix/components/ui/text-only"
                buttonType="white"
                displayBottomCurves="true"
                displayTopCurves="true"
                headline="Test Headline Copy"
                leadin="Test Leadin Copy"
                linkCTA="/content/calix/en/site/home"
                text="&lt;p>Lorem ipsum dolor sit amet, at utinam epicuri pro. Nullam facilisis voluptatum usu ut. Vis omnis prima intellegat ne, dico saperet lobortis mel in. Id mea elitr postulant, eu sed esse efficiantur contentiones, usu epicurei maluisset concludaturque ut.&lt;/p>&#xa;&lt;p>&lt;span style=&quot;line-height: 1.42857143;&quot;>Pri equidem liberavisse ne, his facete maiorum id, sale eleifend nam te. Unum facilis petentium eam at. Duo at oratio disputando, id mel eirmod diceret. Dicam tollit legere te ius.&lt;/span>&lt;br>&#xa;&lt;/p>&#xa;&lt;p>&lt;span style=&quot;line-height: 1.42857143;&quot;>Mel homero constituam ei, duo ullum nulla choro eu, saepe conceptam ullamcorper his ei. Ad justo qualisque vix, elitr tritani pri ne, ea mel deseruisse efficiantur. Qui in dico feugait suscipiantur. An duo denique appetere complectitur, maluisset molestiae et mea, eu quo nisl simul posidonium. Apeirian intellegam ad sed.&lt;/span>&lt;br>&#xa;&lt;/p>&#xa;&lt;p>&lt;span style=&quot;line-height: 1.42857143;&quot;>Minim atomorum dignissim qui cu, vero labitur cu quo. Congue labore per eu, pro cu tempor verear impedit, eu alia dolor platonem mea. Labitur copiosae mea ei, veniam disputando usu eu. Natum imperdiet laboramus ius et, has at feugiat incorrupte. Ut vix dicat molestie invenire, suscipit torquatos at est.&lt;/span>&lt;br>&#xa;&lt;/p>&#xa;"
                textIsRich="true"
                titleCTA="Test CTA1"/>
            <news_social_spotligh
                jcr:created="{Date}2015-07-17T03:18:29.545-04:00"
                jcr:createdBy="epsilon-qa"
                jcr:lastModified="{Date}2015-07-17T03:18:29.545-04:00"
                jcr:lastModifiedBy="epsilon-qa"
                jcr:primaryType="nt:unstructured"
                sling:resourceType="calix/components/ui/news-social-spotlight"
                displayBottomCurves="true"
                displayTopCurves="true"
                eventLabel="Test Event Label"
                eventS1="/content/calix/en/site/home/events"
                featuredVideoLabel="Test Featured Video Label"
                featureType1="news1"
                featureType2="videolibrary2"
                images2="/content/dam/wip/images/image3.png"
                limitCharacter="150"
                limitImage="5"
                news1="/content/calix/en/site/home/news-articles/2015/06/news-page-june-02"
                newsLabel="Test News Label"
                newsS2="/content/calix/en/site/home/news-articles/2015/05"
                photoLabel="Test Photo Label"
                pRealseLabel="Test Press Release Label"
                speakerLabel="Test Speaker Label"
                speakerS3="/content/calix/en/site/home/speakers"
                spotlight1="eventS1"
                spotlight2="newsS2"
                spotlight3="speakerS3"
                title="Test General Title"
                twitterLabel="Test Twitter Label"
                video1="/content/calix/en/site/video/video1"
                viewAllLabel="Test View All Label">
                <videoLibrary2
                    jcr:primaryType="nt:unstructured"
                    sling:resourceType="calix/components/ui/video-library"
                    caption="asdf"
                    groups="[{&quot;group&quot;:&quot;Group 1&quot;\,&quot;videos&quot;:[{&quot;path&quot;:&quot;/content/calix/en/site/video/video1&quot;}\,{&quot;path&quot;:&quot;/content/calix/en/site/video/video3&quot;}]},{&quot;group&quot;:&quot;Group 2&quot;\,&quot;videos&quot;:[{&quot;path&quot;:&quot;/content/calix/en/site/video/video2&quot;}]}]">
                    <videos jcr:primaryType="nt:unstructured">
                        <_x0031_
                            jcr:primaryType="nt:unstructured"
                            path="[/content/calix/en/site/video/video1,/content/calix/en/site/video/video3\,/content/calix/en/site/video/video1\,/content/calix/en/site/video/video2,/content/calix/en/site/video/video3]"/>
                    </videos>
                </videoLibrary2>
            </news_social_spotligh>
        </heroPar>
        <narrowContainer
            jcr:primaryType="nt:unstructured"
            sling:resourceType="foundation/components/parsys"/>
        <contentPar
            jcr:primaryType="nt:unstructured"
            sling:resourceType="foundation/components/parsys"/>
        <footer-legal-social-par
            jcr:primaryType="nt:unstructured"
            sling:resourceType="calix/components/ui/footer-legal-social"/>
        <footer-links-2-par
            jcr:primaryType="nt:unstructured"
            sling:resourceType="calix/components/ui/footer-links"/>
        <footer-links-3-par
            jcr:primaryType="nt:unstructured"
            sling:resourceType="calix/components/ui/footer-links"/>
        <footer-links-4-par
            jcr:primaryType="nt:unstructured"
            sling:resourceType="calix/components/ui/footer-links"/>
        <footer-links-5-par
            jcr:primaryType="nt:unstructured"
            sling:resourceType="calix/components/ui/footer-links"/>
        <footer-links-6-par
            jcr:primaryType="nt:unstructured"
            sling:resourceType="calix/components/ui/footer-links"/>
        <header-social
            jcr:primaryType="nt:unstructured"
            sling:resourceType="calix/components/ui/main-nav/header-social"/>
        <footer-links-1-par
            jcr:primaryType="nt:unstructured"
            sling:resourceType="calix/components/ui/footer-links"/>
        <breadcrumbs
            jcr:primaryType="nt:unstructured"
            sling:resourceType="calix/components/ui/breadcrumbs"/>
        <login-switch
            jcr:primaryType="nt:unstructured"
            sling:resourceType="calix/components/ui/main-nav/login-module/login-switch">
            <register
                jcr:primaryType="nt:unstructured"
                sling:resourceType="calix/components/ui/main-nav/login-module/login-register"/>
            <logged-in
                jcr:primaryType="nt:unstructured"
                sling:resourceType="calix/components/ui/main-nav/login-module/logged-in">
                <notifications-dropdown
                    jcr:primaryType="nt:unstructured"
                    sling:resourceType="calix/components/ui/main-nav/notifications-dropdown">
                    <notification
                        jcr:primaryType="nt:unstructured"
                        sling:resourceType="/apps/calix/components/ui/my-calix-home/notification"/>
                </notifications-dropdown>
                <user-fullname
                    jcr:primaryType="nt:unstructured"
                    sling:resourceType="calix/components/ui/main-nav/user-fullname"/>
                <notification
                    jcr:primaryType="nt:unstructured"
                    sling:resourceType="/apps/calix/components/ui/my-calix-home/notification"/>
            </logged-in>
        </login-switch>
    </jcr:content>
</jcr:root>
