<?xml version="1.0" encoding="UTF-8"?>
<jcr:root xmlns:sling="http://sling.apache.org/jcr/sling/1.0" xmlns:cq="http://www.day.com/jcr/cq/1.0" xmlns:jcr="http://www.jcp.org/jcr/1.0" xmlns:mix="http://www.jcp.org/jcr/mix/1.0" xmlns:nt="http://www.jcp.org/jcr/nt/1.0" xmlns:rep="internal"
    jcr:mixinTypes="[rep:AccessControllable]"
    jcr:primaryType="cq:Page">
    <jcr:content
        cq:designPath="/etc/designs/calix"
        cq:lastModified="{Date}2015-06-24T14:51:12.451-04:00"
        cq:lastModifiedBy="arun.shankar"
        cq:lastReplicated="{Date}2015-07-06T14:00:14.205-04:00"
        cq:lastReplicatedBy="mmalik"
        cq:lastReplicationAction="Activate"
        cq:template="/apps/calix/templates/fullwidth"
        jcr:isCheckedOut="{Boolean}true"
        jcr:mixinTypes="[mix:versionable]"
        jcr:primaryType="cq:PageContent"
        jcr:title="Video Nodes"
        jcr:uuid="917446fe-4ae3-4e2d-8786-bbbedbe890be"
        sling:resourceType="calix/components/page/fullwidth"
        hideInNav="true">
        <logo
            jcr:primaryType="nt:unstructured"
            sling:resourceType="calix/components/ui/main-nav/logo"/>
        <tagline
            jcr:primaryType="nt:unstructured"
            sling:resourceType="calix/components/ui/main-nav/tagline"/>
        <contact
            jcr:primaryType="nt:unstructured"
            sling:resourceType="calix/components/ui/main-nav/contact"/>
        <search
            jcr:primaryType="nt:unstructured"
            sling:resourceType="calix/components/ui/main-nav/search"/>
        <register
            jcr:primaryType="nt:unstructured"
            sling:resourceType="calix/components/ui/main-nav/login-register"/>
        <megamenu
            jcr:primaryType="nt:unstructured"
            sling:resourceType="calix/components/ui/main-nav/megamenu"/>
        <breadcrumbs
            jcr:primaryType="nt:unstructured"
            sling:resourceType="calix/components/ui/breadcrumbs"/>
        <my-calix
            jcr:primaryType="nt:unstructured"
            sling:resourceType="calix/components/ui/my-calix"/>
        <footer-links-1-par
            jcr:primaryType="nt:unstructured"
            sling:resourceType="calix/components/ui/footer-links"/>
        <footer-links-2-par
            jcr:primaryType="nt:unstructured"
            sling:resourceType="calix/components/ui/footer-links"/>
        <footer-links-3-par
            jcr:primaryType="nt:unstructured"
            sling:resourceType="calix/components/ui/footer-links"/>
        <footer-links-4-par
            jcr:primaryType="nt:unstructured"
            sling:resourceType="calix/components/ui/footer-links"/>
        <footer-links-5-par
            jcr:primaryType="nt:unstructured"
            sling:resourceType="calix/components/ui/footer-links"/>
        <footer-links-6-par
            jcr:primaryType="nt:unstructured"
            sling:resourceType="calix/components/ui/footer-links"/>
        <footer-legal-par
            jcr:primaryType="nt:unstructured"
            sling:resourceType="calix/components/ui/footer-legal"/>
        <header-social
            jcr:primaryType="nt:unstructured"
            sling:resourceType="calix/components/ui/main-nav/header-social"/>
        <footer-links-7-par
            jcr:primaryType="nt:unstructured"
            sling:resourceType="calix/components/ui/footer-links"/>
        <footer-links-8-par
            jcr:primaryType="nt:unstructured"
            sling:resourceType="calix/components/ui/footer-links"/>
        <footer-links-9-par
            jcr:primaryType="nt:unstructured"
            sling:resourceType="calix/components/ui/footer-links"/>
        <footer-links-10-par
            jcr:primaryType="nt:unstructured"
            sling:resourceType="calix/components/ui/footer-links"/>
        <footer-links-11-par
            jcr:primaryType="nt:unstructured"
            sling:resourceType="calix/components/ui/footer-links"/>
        <footer-links-12-par
            jcr:primaryType="nt:unstructured"
            sling:resourceType="calix/components/ui/footer-links"/>
        <footer-legal-social-par
            jcr:primaryType="nt:unstructured"
            sling:resourceType="calix/components/ui/footer-legal-social"/>
        <login-switch
            jcr:primaryType="nt:unstructured"
            sling:resourceType="calix/components/ui/main-nav/login-module/login-switch">
            <register
                jcr:primaryType="nt:unstructured"
                sling:resourceType="calix/components/ui/main-nav/login-module/login-register"/>
            <logged-in
                jcr:primaryType="nt:unstructured"
                sling:resourceType="calix/components/ui/main-nav/login-module/logged-in">
                <notifications-dropdown
                    jcr:primaryType="nt:unstructured"
                    sling:resourceType="calix/components/ui/main-nav/notifications-dropdown">
                    <notification
                        jcr:primaryType="nt:unstructured"
                        sling:resourceType="/apps/calix/components/ui/my-calix-home/notification"/>
                </notifications-dropdown>
                <user-fullname
                    jcr:primaryType="nt:unstructured"
                    sling:resourceType="calix/components/ui/main-nav/user-fullname"/>
            </logged-in>
        </login-switch>
    </jcr:content>
    <video1/>
    <video2/>
    <video3/>
    <video-scott-1/>
    <video5/>
    <video6/>
</jcr:root>
